Embedding,Isolated labels,KMeans NMI,KMeans ARI,Silhouette label,cLISI,Silhouette batch,iLISI,KBET,Graph connectivity,PCR comparison,Batch correction,Bio conservation,Total
Unintegrated,0.43262035,0.4787413846799386,0.31231465209099357,0.49675471149384975,0.9999999867545234,0.8624956,0.9139114618301392,0.9359559564177942,0.7741184996414544,0,0.6972963038133206,0.5440862163130957,0.6053702513131857
X_pca_CellPLM,0.7355032,0.8038539599721196,0.6726841615606957,0.7988198101520538,1.0,0.92801607,0.8753920793533325,0.8865063413910439,0.9144875586300463,0.33414900412535437,0.7877102100101971,0.8021722256802356,0.7963874194122202
X_pca_scGPT,0.5521883,0.6549879986917406,0.46954164923965214,0.6102418974041939,0.9999999867545234,0.926999,0.8994780778884888,0.9348691653134361,0.8142901195827716,0,0.7151272671354916,0.6573919618669356,0.6804860839743581
X_pca_harmony,0.4326063,0.47329657698815886,0.3503355453828503,0.4971603062003851,0.9999999867545234,0.872739,0.9154824018478394,0.9507680037395536,0.749987097013341,0.984389758131429,0.8946732555483796,0.5506797449956492,0.6882771492167414
X_pca_combat,0.4332083,0.47805587143263684,0.3122059344344613,0.4985565934330225,0.9999999867545234,0.8727151,0.9075338840484619,0.9477255096226421,0.7271451259182331,0.5665129186480224,0.8043265107569081,0.5444053345633763,0.648373805040789
X_pca_scanorama,0.56545806,0.602252878649465,0.3617149615406586,0.6405542492866516,1.0,0.910759,0.912903904914856,0.9164748799562453,0.7949179179828826,0.936712333846098,0.89435360177361,0.6339960297575377,0.7381390585639667
X_pca_liger,0.54817903,0.7811226491447512,0.6196140798040682,0.6959835141897202,0.9999999867545234,0.8873908,0.8974959850311279,0.9514621490225432,0.7829000611798265,0.8993294185822612,0.8837156812371202,0.7289798520622918,0.7908741837322231
X_pca_scvi,0.6028394,0.729244694156446,0.5408958185227942,0.5715936422348022,0.9999999735090468,0.94808245,0.8998377323150635,0.9725660846920849,0.8839911619893245,0.7693403462366727,0.8947635544570295,0.6889147077456226,0.7712542464301854
Metric Type,Bio conservation,Bio conservation,Bio conservation,Bio conservation,Bio conservation,Batch correction,Batch correction,Batch correction,Batch correction,Batch correction,Aggregate score,Aggregate score,Aggregate score
