Embedding,Isolated labels,KMeans NMI,KMeans ARI,Silhouette label,cLISI,Silhouette batch,iLISI,KBET,Graph connectivity,PCR comparison,Batch correction,Bio conservation,Total
Unintegrated,0.8269357,0.560320156097766,0.4263568233724778,0.44882844015955925,0.9972835845417447,0.8230416,0.025615805929357357,0.032182125646973675,0.5581383526933191,0,0.2877955804279962,0.6519449425388688,0.5062851976945197
X_pca_CellPLM,0.64404184,0.513127701172754,0.32369137555131455,0.5015810432378203,0.9838633802202013,0.855962,0.032761758024042305,0.026860267467923533,0.6716649573556168,0.19195850120775748,0.3558414924981713,0.5932610672887678,0.49829323737252923
X_pca_scGPT,0.53074294,0.5227705668754952,0.2797053912909701,0.5077456659637392,0.9840719302495321,0.9108056,0.048339345238425514,0.037075509861051424,0.6618548150269732,0.43885248224768963,0.41938554707486453,0.5650072995333264,0.5067585985499417
X_pca_harmony,0.6290484,0.5365644065714736,0.31453213270525426,0.46178994327783585,0.9908650914827982,0.87823725,0.06848283247514204,0.11473236373817482,0.6830588984337178,0.5772202300251934,0.4643463144278538,0.5865599962230302,0.5376745235049596
X_pca_combat,0.48838004,0.4746561643727675,0.271616307580182,0.47790526784956455,0.9435920317967733,0.9464404,0.05179766091433438,0.13191851681253672,0.03267057500452259,0.9999945411837867,0.432564338521653,0.5312299632596005,0.4917637133644215
X_pca_scanorama,0.62206554,0.6421064220829202,0.46303691900273775,0.5050219120457768,0.9953952299224006,0.9328766,0.04391670227050781,0.09456483471552839,0.5544680725640484,0.2575191053394163,0.3766690603607127,0.6455252054364506,0.5379827474061555
X_pca_liger,0.43188107,0.28389794162083715,0.1256108697846651,0.48224349319934845,0.9400067329406738,0.9014917,0.16390908848155628,0.2961210310126109,0.5347785640879834,0.9615969829481218,0.5715794736266416,0.45272802153650965,0.5002686023725624
X_pca_scvi,0.545758,0.5700734160610857,0.353936408660203,0.5034727600868791,0.9776896635691324,0.9378778,0.08742375807328658,0.09134144120185143,0.7860516238694424,0.9276343564379146,0.5660657907642163,0.5901860514668419,0.5805379471857917
Metric Type,Bio conservation,Bio conservation,Bio conservation,Bio conservation,Bio conservation,Batch correction,Batch correction,Batch correction,Batch correction,Batch correction,Aggregate score,Aggregate score,Aggregate score
