Embedding,Isolated labels,KMeans NMI,KMeans ARI,Silhouette label,cLISI,Silhouette batch,iLISI,KBET,Graph connectivity,PCR comparison,Batch correction,Bio conservation,Total
Unintegrated,0.6657168,0.6901429995896406,0.4418939473078498,0.5880914926528931,0.9999999908300546,0.82793194,0.0015176981687545776,0.18303028839174637,0.9260372371912312,0,0.3877034328614609,0.6771690514592359,0.5613828040201259
X_pca_CellPLM,0.65211546,0.5438615710565518,0.30829105909152593,0.5436921454966068,0.9984464278587928,0.8414362,0.02973151206970215,0.2464849915679291,0.8541295611391249,0.20900449435456106,0.43615735328515626,0.6092813335427976,0.5400317414397411
X_pca_scGPT,0.6390721,0.5309200602692254,0.2988833449845682,0.5294490642845631,0.9988889327416053,0.88655084,0.03961208462715149,0.2560461071821059,0.8271488023482558,0.074622584666795,0.41679608450799527,0.5994427044939258,0.5263840564995536
X_pca_harmony,0.644843,0.8056982774704419,0.7191035807896893,0.6587093323469162,0.9999999908300546,0.86884385,0.28861457109451294,0.5479978362517177,0.8887233947823148,0.7095907447534956,0.6607540800711409,0.7656708327458555,0.7237041316759696
X_pca_combat,0.5783547,0.7782914398199982,0.606177264580584,0.5358234457671642,0.9993129876943735,0.9620584,0.09578904509544373,0.23859250687292582,0.5274831523658976,0.9999424750356019,0.564773120863903,0.6995919708326168,0.6456644308451313
X_pca_scanorama,0.59488577,0.8119334111766814,0.6686916926574619,0.6109621971845627,0.9999999908300546,0.91677415,0.11761531233787537,0.3572972919439949,0.8591967604504125,0.5933579161451303,0.5688482869173649,0.7372946116709912,0.6699160817695407
X_pca_liger,0.32191902,0.7658671704442581,0.6576233401087284,0.63919997215271,0.9999999724901639,0.81422484,0.3974226117134094,0.6799397801176815,0.8128785212975025,0.8863981391184047,0.7181727782915017,0.6769218958372983,0.6934222488189796
X_pca_scvi,0.670353,0.700798643479268,0.47295227894348385,0.5525545179843903,0.9991484055152307,0.8692407,0.28210803866386414,0.5255465215487247,0.9223041206846295,0.864062126993361,0.6926523018178316,0.6791613682636066,0.6845577416852966
Metric Type,Bio conservation,Bio conservation,Bio conservation,Bio conservation,Bio conservation,Batch correction,Batch correction,Batch correction,Batch correction,Batch correction,Aggregate score,Aggregate score,Aggregate score