Embedding,Isolated labels,KMeans NMI,KMeans ARI,Silhouette label,cLISI,Silhouette batch,iLISI,KBET,Graph connectivity,PCR comparison,Batch correction,Bio conservation,Total
Unintegrated,0.62593615,0.6878265733832418,0.5005088028639021,0.5424262955784798,0.9999231735865275,0.79826814,0.022013876173231337,0.10526445043902449,0.628008280966869,0,0.310710949388292,0.6713241991925987,0.5270788992708759
X_pca_CellPLM,0.63503283,0.6580395979881156,0.396267415046963,0.5916901901364326,0.9997840483983358,0.8276564,0.021445300843980577,0.09352517232048779,0.8590038977900561,0.5833374085156771,0.4769936335505955,0.656162816838475,0.5844951435233232
X_pca_scGPT,0.61800027,0.6237890294270075,0.37242604621898856,0.5749679505825043,0.9974008401234945,0.88526094,0.08137822151184082,0.14884948592321395,0.8442913237599131,0.6796224370843776,0.5278804815754858,0.6373168270576304,0.5935422888647726
X_pca_harmony,0.5844563,0.7181419581092935,0.5194008308760193,0.5778804123401642,0.9991080284118652,0.84746224,0.2342419359419081,0.2521928699692917,0.7576205601427495,0.8280887507679919,0.5839212707406395,0.6797975108629346,0.6414470148140166
X_pca_combat,0.5177286,0.6429192133051158,0.4378301564704102,0.4724169075489044,0.989970350265503,0.9495214,0.025142537222968206,0.16983757352662576,0.11797485658534619,0.9999910882923676,0.4524934956026955,0.6121730508635982,0.548301228759237
X_pca_scanorama,0.6093398,0.7167077331676567,0.49572724237176113,0.5816837176680565,0.999350388844808,0.9033995,0.09674706723954943,0.20640861136580327,0.6920516190866404,0.8354355038349163,0.5468084657199632,0.6805617711414441,0.6270604489728517
X_pca_liger,0.60895604,0.7119103951468182,0.6109851236901066,0.5576400905847549,0.9947507222493489,0.83963656,0.3074932098388672,0.5321945476900822,0.8067197895058745,0.9340379433691178,0.6840164109317406,0.6968484741245805,0.6917156488474445
X_pca_scvi,0.6120109,0.662640692378809,0.39134367493144223,0.5496686920523643,0.998288075129191,0.8924347,0.2543365690443251,0.2568800022910297,0.8101316731112174,0.963378043701051,0.6354322008744586,0.6427904061395417,0.6398471240335085
Metric Type,Bio conservation,Bio conservation,Bio conservation,Bio conservation,Bio conservation,Batch correction,Batch correction,Batch correction,Batch correction,Batch correction,Aggregate score,Aggregate score,Aggregate score
